Metodo,Q_Estimado,Metrica,Score
Grid Search,3.000000000000001,t-stat,1.5998582387137894
Extensividade,1.0623456790123458,R2_medio,0.9153351985016538
q-Gaussian Fit,1.6198660383852643,RMSE_medio,0.03601164842035747
